phone_number,name,email,city,age,sex,job,followers
+91-7775401532,Netra Cheema,netra.cheema@gmail.com,Lucknow,40,Female,Civil Engineer,37
+91-7210477605,Xalak Zachariah,xalak.zachariah@gmail.com,Ahmedabad,53,Female,Teacher,92
+91-9967139204,Charan Chacko,charan.chacko@gmail.com,Pune,47,Male,Chef,83
+91-9354881601,Vritti Hans,vritti.hans@gmail.com,Lucknow,55,Female,Chef,9
+91-9485745917,Raksha Bhardwaj,raksha.bhardwaj@gmail.com,Lucknow,24,Female,Graphic Designer,64
+91-8734223674,Rayaan Murthy,rayaan.murthy@gmail.com,Hyderabad,62,Male,Doctor,71
+91-8260307393,Indrajit Mukherjee,indrajit.mukherjee@gmail.com,Ahmedabad,61,Male,Data Scientist,39
+91-7608452512,Simon Sule,simon.sule@gmail.com,Chennai,36,Male,Marketing Specialist,67
+91-7080170322,Timothy Parikh,timothy.parikh@gmail.com,Lucknow,53,Male,Chef,87
+91-9272828544,Jagrati Subramaniam,jagrati.subramaniam@gmail.com,Kolkata,63,Female,Doctor,71
+91-9485090731,Ishita Brahmbhatt,ishita.brahmbhatt@gmail.com,Lucknow,56,Female,Accountant,21
+91-7923311470,Chatura Sane,chatura.sane@gmail.com,Jaipur,25,Male,Project Manager,17
+91-7748083767,Daniel Edwin,daniel.edwin@gmail.com,Mumbai,32,Male,Doctor,0
+91-8575424336,Daksha Majumdar,daksha.majumdar@gmail.com,Mumbai,43,Female,Project Manager,66
+91-8605448200,Anvi Sarkar,anvi.sarkar@gmail.com,Lucknow,28,Female,Software Engineer,33
+91-9048030147,William Salvi,william.salvi@gmail.com,Bengaluru,33,Male,Chef,67
+91-6892279595,Diya Bora,diya.bora@gmail.com,Pune,18,Female,Entrepreneur,94
+91-7617571685,Yashvi Choudhary,yashvi.choudhary@gmail.com,Mumbai,63,Female,HR Manager,24
+91-6270105792,Naveen Bath,naveen.bath@gmail.com,Jaipur,49,Male,Project Manager,12
+91-6263732839,Ayush Agrawal,ayush.agrawal@gmail.com,Pune,39,Male,Marketing Specialist,68
+91-7614320244,Leena Mukherjee,leena.mukherjee@gmail.com,Lucknow,41,Female,Doctor,35
+91-6391895498,Yug Chakrabarti,yug.chakrabarti@gmail.com,Lucknow,51,Male,Marketing Specialist,32
+91-8427298231,Aahana Gera,aahana.gera@gmail.com,Jaipur,20,Female,Software Engineer,59
+91-9373291892,Zinal Murthy,zinal.murthy@gmail.com,Pune,49,Female,Entrepreneur,24
+91-6918456419,Hritik Pathak,hritik.pathak@gmail.com,Chennai,55,Male,Financial Analyst,25
+91-9747933274,Karan Mistry,karan.mistry@gmail.com,Ahmedabad,35,Male,Chef,51
+91-6391161681,Karan Pradhan,karan.pradhan@gmail.com,Delhi,33,Male,Project Manager,80
+91-6943211034,Leena Tank,leena.tank@gmail.com,Mumbai,35,Female,HR Manager,95
+91-7504358751,Laban Sinha,laban.sinha@gmail.com,Mumbai,54,Male,Teacher,10
+91-6323031226,Lavanya Dhingra,lavanya.dhingra@gmail.com,Delhi,29,Female,Marketing Specialist,12
+91-6104291310,Kashvi Choudhry,kashvi.choudhry@gmail.com,Bengaluru,30,Female,Project Manager,10
+91-6613890042,Onveer D’Alia,onveer.d’alia@gmail.com,Chennai,25,Male,Software Engineer,77
+91-8737633804,Devansh Goswami,devansh.goswami@gmail.com,Kolkata,35,Male,Accountant,75
+91-6657178150,Chakradhar Parikh,chakradhar.parikh@gmail.com,Chennai,36,Male,Project Manager,67
+91-8989519919,Zayan Sarin,zayan.sarin@gmail.com,Delhi,60,Male,Doctor,62
+91-9604396428,Jeevika Gopal,jeevika.gopal@gmail.com,Ahmedabad,62,Female,Chef,43
+91-6516704901,Chasmum Lall,chasmum.lall@gmail.com,Chennai,23,Female,Civil Engineer,7
+91-6720384478,Aahana Badami,aahana.badami@gmail.com,Jaipur,37,Female,Marketing Specialist,85
+91-8635477965,Jagdish Kata,jagdish.kata@gmail.com,Jaipur,39,Male,HR Manager,67
+91-9232223213,Andrew Sant,andrew.sant@gmail.com,Ahmedabad,60,Male,Chef,89
+91-8115086967,Nidhi Gala,nidhi.gala@gmail.com,Kolkata,37,Female,Entrepreneur,88
+91-9520916028,Lipika Nanda,lipika.nanda@gmail.com,Bengaluru,62,Female,Marketing Specialist,22
+91-7976062150,Yashica Sagar,yashica.sagar@gmail.com,Ahmedabad,62,Female,Accountant,51
+91-7067781494,Ekanta Aggarwal,ekanta.aggarwal@gmail.com,Pune,45,Female,Graphic Designer,43
+91-7176306561,Qarin Naidu,qarin.naidu@gmail.com,Ahmedabad,40,Male,Accountant,6
+91-6355727847,Ati Parekh,ati.parekh@gmail.com,Delhi,55,Female,Financial Analyst,12
+91-7294534711,Aditya Basak,aditya.basak@gmail.com,Kolkata,63,Male,Marketing Specialist,44
+91-8600243416,Nilima Dugal,nilima.dugal@gmail.com,Pune,44,Female,Software Engineer,30
+91-6188340756,Jhalak Vala,jhalak.vala@gmail.com,Mumbai,51,Female,Doctor,85
+91-6353872091,Aditya Thaker,aditya.thaker@gmail.com,Hyderabad,37,Male,Doctor,91
+91-8136817941,Tanveer Prabhu,tanveer.prabhu@gmail.com,Jaipur,37,Male,Doctor,37
+91-9168043513,Eta Tella,eta.tella@gmail.com,Mumbai,53,Female,Project Manager,19
+91-7509782125,Samuel Jha,samuel.jha@gmail.com,Pune,45,Male,Chef,16
+91-6157044709,Rachit Mander,rachit.mander@gmail.com,Ahmedabad,58,Male,Software Engineer,98
+91-8375396660,Ati Deol,ati.deol@gmail.com,Chennai,21,Female,Entrepreneur,6
+91-6685812642,Upadhriti Gala,upadhriti.gala@gmail.com,Mumbai,41,Female,HR Manager,3
+91-8292721067,Vrinda Savant,vrinda.savant@gmail.com,Delhi,25,Female,Entrepreneur,36
+91-9461976097,Advik Iyengar,advik.iyengar@gmail.com,Jaipur,54,Male,Financial Analyst,68
+91-9607501868,Lopa Sridhar,lopa.sridhar@gmail.com,Lucknow,49,Female,Entrepreneur,50
+91-6824325766,Logan Saraf,logan.saraf@gmail.com,Ahmedabad,29,Male,Financial Analyst,82
+91-8509227167,Jacob Rana,jacob.rana@gmail.com,Jaipur,57,Male,Marketing Specialist,56
+91-6241428839,Nidhi Pandit,nidhi.pandit@gmail.com,Bengaluru,22,Female,Entrepreneur,7
+91-8598203176,Brijesh Ganesan,brijesh.ganesan@gmail.com,Lucknow,45,Male,Marketing Specialist,6
+91-7652751572,Kai Char,kai.char@gmail.com,Lucknow,37,Male,Graphic Designer,14
+91-6912234651,Faqid Gandhi,faqid.gandhi@gmail.com,Mumbai,50,Male,Civil Engineer,84
+91-8214715248,Harita Arora,harita.arora@gmail.com,Kolkata,21,Female,Data Scientist,82
+91-9327268869,Girik Lata,girik.lata@gmail.com,Kolkata,18,Male,Financial Analyst,42
+91-9621810363,Bahadurjit Trivedi,bahadurjit.trivedi@gmail.com,Lucknow,25,Male,Graphic Designer,82
+91-8247190835,Leena Saraf,leena.saraf@gmail.com,Chennai,37,Female,Data Scientist,10
+91-8818188753,Ronith Jani,ronith.jani@gmail.com,Delhi,53,Male,Project Manager,93
+91-6996584458,Zashil Sidhu,zashil.sidhu@gmail.com,Jaipur,46,Male,Entrepreneur,77
+91-6342066828,Jeevika Wali,jeevika.wali@gmail.com,Lucknow,40,Female,Doctor,35
+91-8770875370,Xalak Rai,xalak.rai@gmail.com,Mumbai,29,Female,Doctor,26
+91-9939628572,Harish De,harish.de@gmail.com,Ahmedabad,61,Male,Project Manager,55
+91-8347482412,Anita Saraf,anita.saraf@gmail.com,Jaipur,46,Female,Marketing Specialist,76
+91-7307768055,Jeevika Sura,jeevika.sura@gmail.com,Ahmedabad,56,Female,Graphic Designer,61
+91-8600163786,Vasatika Gera,vasatika.gera@gmail.com,Hyderabad,55,Female,Civil Engineer,32
+91-8321936673,Rachana Kibe,rachana.kibe@gmail.com,Delhi,50,Female,Software Engineer,70
+91-7628532399,Nathan Goel,nathan.goel@gmail.com,Bengaluru,57,Male,Marketing Specialist,83
+91-8906806961,Xiti Pandya,xiti.pandya@gmail.com,Hyderabad,56,Female,Civil Engineer,0
+91-9273140337,Waida Venkatesh,waida.venkatesh@gmail.com,Pune,57,Female,Entrepreneur,84
+91-6534349365,Fariq Sridhar,fariq.sridhar@gmail.com,Mumbai,62,Male,Data Scientist,8
+91-8549366369,Ekani Buch,ekani.buch@gmail.com,Kolkata,56,Female,Entrepreneur,43
+91-7460386266,Janya Dayal,janya.dayal@gmail.com,Bengaluru,24,Female,HR Manager,56
+91-7886134110,Udyati Sur,udyati.sur@gmail.com,Chennai,37,Female,Entrepreneur,85
+91-7343075083,Umang Sehgal,umang.sehgal@gmail.com,Pune,65,Male,Chef,57
+91-7679228185,Orinder Rege,orinder.rege@gmail.com,Lucknow,32,Male,Data Scientist,4
+91-8373807726,Edhitha Setty,edhitha.setty@gmail.com,Ahmedabad,33,Female,Data Scientist,29
+91-9940279740,Rohan Kalita,rohan.kalita@gmail.com,Pune,65,Male,Project Manager,89
+91-6764428387,Zaid Dhar,zaid.dhar@gmail.com,Hyderabad,56,Male,Data Scientist,93
+91-9259009766,Gautami Zacharia,gautami.zacharia@gmail.com,Mumbai,54,Female,Civil Engineer,81
+91-6810769834,Manya Kunda,manya.kunda@gmail.com,Bengaluru,39,Female,Financial Analyst,50
+91-7242586726,Krishna Bora,krishna.bora@gmail.com,Hyderabad,59,Female,Teacher,84
+91-6959689758,Adweta Parsa,adweta.parsa@gmail.com,Jaipur,18,Female,HR Manager,18
+91-8941392450,Lucky Ramaswamy,lucky.ramaswamy@gmail.com,Delhi,29,Male,Accountant,53
+91-8033105393,Noah Mahajan,noah.mahajan@gmail.com,Hyderabad,53,Male,Data Scientist,39
+91-6513929140,Ati Chopra,ati.chopra@gmail.com,Pune,64,Female,Doctor,30
+91-9654024559,Frederick Dutt,frederick.dutt@gmail.com,Mumbai,45,Male,Doctor,62
+91-8596940637,Gunbir Dixit,gunbir.dixit@gmail.com,Jaipur,59,Male,Graphic Designer,76
+91-8545624813,Tejas Raja,tejas.raja@gmail.com,Bengaluru,39,Male,HR Manager,69
